system:index,Plot,precip,temp,.geo
00000000000000000000_0,BS002,88.0488,15.216963,"{""type"":""MultiPoint"",""coordinates"":[]}"
00000000000000000001_0,BS003,74.72878,15.347113,"{""type"":""MultiPoint"",""coordinates"":[]}"
00000000000000000002_0,BS004,98.37188,14.975433,"{""type"":""MultiPoint"",""coordinates"":[]}"
00000000000000000003_0,BS005,101.49562,14.418713,"{""type"":""MultiPoint"",""coordinates"":[]}"
00000000000000000004_0,BS006,101.44942,14.357546,"{""type"":""MultiPoint"",""coordinates"":[]}"
00000000000000000005_0,BS007,100.27755,14.450188,"{""type"":""MultiPoint"",""coordinates"":[]}"
00000000000000000006_0,BS011,81.43642,15.239417,"{""type"":""MultiPoint"",""coordinates"":[]}"
00000000000000000007_0,BS012,69.61237,15.318575,"{""type"":""MultiPoint"",""coordinates"":[]}"
00000000000000000008_0,BS015,83.35758,15.169721,"{""type"":""MultiPoint"",""coordinates"":[]}"
00000000000000000009_0,BS016,83.35758,15.169721,"{""type"":""MultiPoint"",""coordinates"":[]}"
0000000000000000000a_0,BS017,85.18378,15.052167,"{""type"":""MultiPoint"",""coordinates"":[]}"
0000000000000000000b_0,BS018,86.05982,15.316862,"{""type"":""MultiPoint"",""coordinates"":[]}"
0000000000000000000c_0,BS019,87.5175,15.140171,"{""type"":""MultiPoint"",""coordinates"":[]}"
0000000000000000000d_0,BS020,87.5175,15.140171,"{""type"":""MultiPoint"",""coordinates"":[]}"
0000000000000000000e_0,BS022,93.90238,15.157296,"{""type"":""MultiPoint"",""coordinates"":[]}"
0000000000000000000f_0,BS026,80.175575,14.424667,"{""type"":""MultiPoint"",""coordinates"":[]}"
00000000000000000010_0,BS027,77.268715,14.7752,"{""type"":""MultiPoint"",""coordinates"":[]}"
00000000000000000011_0,BS032,65.62954,15.422538,"{""type"":""MultiPoint"",""coordinates"":[]}"
00000000000000000012_0,BS034,76.131836,15.462483,"{""type"":""MultiPoint"",""coordinates"":[]}"
00000000000000000013_0,BS035,74.8547,15.472609,"{""type"":""MultiPoint"",""coordinates"":[]}"
00000000000000000014_0,BS038,82.429665,15.648309,"{""type"":""MultiPoint"",""coordinates"":[]}"
00000000000000000015_0,BS044,96.61837,15.184434,"{""type"":""MultiPoint"",""coordinates"":[]}"
00000000000000000016_0,BS045,90.43029,15.298792,"{""type"":""MultiPoint"",""coordinates"":[]}"
00000000000000000017_0,BS046,90.43029,15.298792,"{""type"":""MultiPoint"",""coordinates"":[]}"
00000000000000000018_0,BS047,94.29783,15.473379,"{""type"":""MultiPoint"",""coordinates"":[]}"
00000000000000000019_0,BS048,99.833595,15.323809,"{""type"":""MultiPoint"",""coordinates"":[]}"
0000000000000000001a_0,BS050,111.20728,15.340616,"{""type"":""MultiPoint"",""coordinates"":[]}"
0000000000000000001b_0,BS052,88.716,15.283942,"{""type"":""MultiPoint"",""coordinates"":[]}"
0000000000000000001c_0,BS053,73.4849,14.204604,"{""type"":""MultiPoint"",""coordinates"":[]}"
0000000000000000001d_0,BS054,69.8118,15.315838,"{""type"":""MultiPoint"",""coordinates"":[]}"
0000000000000000001e_0,BS057,90.43029,15.298792,"{""type"":""MultiPoint"",""coordinates"":[]}"
0000000000000000001f_0,BS058,100.86268,15.280067,"{""type"":""MultiPoint"",""coordinates"":[]}"
00000000000000000020_0,BS059,100.86268,15.280067,"{""type"":""MultiPoint"",""coordinates"":[]}"
00000000000000000021_0,BS060,103.47241,15.118396,"{""type"":""MultiPoint"",""coordinates"":[]}"
00000000000000000022_0,BS062,85.815926,15.722183,"{""type"":""MultiPoint"",""coordinates"":[]}"
00000000000000000023_0,BS063,85.18054,15.701846,"{""type"":""MultiPoint"",""coordinates"":[]}"
00000000000000000024_0,BS066,89.968185,15.70495,"{""type"":""MultiPoint"",""coordinates"":[]}"
00000000000000000025_0,BS070,83.481834,15.691563,"{""type"":""MultiPoint"",""coordinates"":[]}"
00000000000000000026_0,BS071,96.26191,14.800046,"{""type"":""MultiPoint"",""coordinates"":[]}"
00000000000000000027_0,BS072,89.86343,15.508696,"{""type"":""MultiPoint"",""coordinates"":[]}"
00000000000000000028_0,BS073,81.89938,15.594671,"{""type"":""MultiPoint"",""coordinates"":[]}"
00000000000000000029_0,BS076,107.606575,14.704641,"{""type"":""MultiPoint"",""coordinates"":[]}"
0000000000000000002a_0,BS077,110.89388,14.864779,"{""type"":""MultiPoint"",""coordinates"":[]}"
0000000000000000002b_0,BS078,110.89388,14.864779,"{""type"":""MultiPoint"",""coordinates"":[]}"
0000000000000000002c_0,BS079,113.965996,14.834625,"{""type"":""MultiPoint"",""coordinates"":[]}"
0000000000000000002d_0,BS080,113.965996,14.834625,"{""type"":""MultiPoint"",""coordinates"":[]}"
0000000000000000002e_0,BS081,103.20025,13.5856,"{""type"":""MultiPoint"",""coordinates"":[]}"
0000000000000000002f_0,BS083,88.56708,12.888796,"{""type"":""MultiPoint"",""coordinates"":[]}"
00000000000000000030_0,BS084,89.22641,13.21815,"{""type"":""MultiPoint"",""coordinates"":[]}"
00000000000000000031_0,BS085,92.04842,14.194213,"{""type"":""MultiPoint"",""coordinates"":[]}"
00000000000000000032_0,BS086,97.91654,14.497925,"{""type"":""MultiPoint"",""coordinates"":[]}"
00000000000000000033_0,BS087,86.04629,13.588275,"{""type"":""MultiPoint"",""coordinates"":[]}"
00000000000000000034_0,BS088,118.562706,14.218071,"{""type"":""MultiPoint"",""coordinates"":[]}"
00000000000000000035_0,BS089,127.694244,14.195372,"{""type"":""MultiPoint"",""coordinates"":[]}"
00000000000000000036_0,BS090,135.81067,14.212983,"{""type"":""MultiPoint"",""coordinates"":[]}"
00000000000000000037_0,BS092,135.7186,14.324954,"{""type"":""MultiPoint"",""coordinates"":[]}"
00000000000000000038_0,BS094,111.957756,14.353988,"{""type"":""MultiPoint"",""coordinates"":[]}"
00000000000000000039_0,BS098,95.73103,13.456787,"{""type"":""MultiPoint"",""coordinates"":[]}"
0000000000000000003a_0,BS102,106.20571,13.528021,"{""type"":""MultiPoint"",""coordinates"":[]}"
0000000000000000003b_0,BS103,103.20025,13.5856,"{""type"":""MultiPoint"",""coordinates"":[]}"
0000000000000000003c_0,BS111,124.78434,14.5650625,"{""type"":""MultiPoint"",""coordinates"":[]}"
0000000000000000003d_0,BS112,125.5085,14.653158,"{""type"":""MultiPoint"",""coordinates"":[]}"
0000000000000000003e_0,BS118,103.00421,12.960892,"{""type"":""MultiPoint"",""coordinates"":[]}"
0000000000000000003f_0,BS119,110.91079,13.707188,"{""type"":""MultiPoint"",""coordinates"":[]}"
00000000000000000040_0,BS121,130.56142,14.587771,"{""type"":""MultiPoint"",""coordinates"":[]}"
00000000000000000041_0,BS122,130.56142,14.587771,"{""type"":""MultiPoint"",""coordinates"":[]}"
00000000000000000042_0,BS123,83.2955,13.063196,"{""type"":""MultiPoint"",""coordinates"":[]}"
00000000000000000043_0,BS124,87.92725,13.100759,"{""type"":""MultiPoint"",""coordinates"":[]}"
00000000000000000044_0,BS125,80.99325,13.060367,"{""type"":""MultiPoint"",""coordinates"":[]}"
00000000000000000045_0,BS126,80.99325,13.060367,"{""type"":""MultiPoint"",""coordinates"":[]}"
00000000000000000046_0,BS128,82.96059,12.997638,"{""type"":""MultiPoint"",""coordinates"":[]}"
00000000000000000047_0,BS129,75.87782,13.306933,"{""type"":""MultiPoint"",""coordinates"":[]}"
00000000000000000048_0,BS130,75.87782,13.306933,"{""type"":""MultiPoint"",""coordinates"":[]}"
00000000000000000049_0,BS131,69.99166,13.363796,"{""type"":""MultiPoint"",""coordinates"":[]}"
0000000000000000004a_0,BS132,91.023125,14.449496,"{""type"":""MultiPoint"",""coordinates"":[]}"
0000000000000000004b_0,BS133,95.53704,14.909662,"{""type"":""MultiPoint"",""coordinates"":[]}"
0000000000000000004c_0,BS134,92.04842,14.194213,"{""type"":""MultiPoint"",""coordinates"":[]}"
0000000000000000004d_0,BS135,85.29538,13.590625,"{""type"":""MultiPoint"",""coordinates"":[]}"
0000000000000000004e_0,BS137,80.825096,13.228271,"{""type"":""MultiPoint"",""coordinates"":[]}"
0000000000000000004f_0,BS138,63.51587,13.143833,"{""type"":""MultiPoint"",""coordinates"":[]}"
00000000000000000050_0,BS139,67.05461,13.182413,"{""type"":""MultiPoint"",""coordinates"":[]}"
00000000000000000051_0,BS140,71.0373,13.180417,"{""type"":""MultiPoint"",""coordinates"":[]}"
00000000000000000052_0,BS141,67.56274,13.203009,"{""type"":""MultiPoint"",""coordinates"":[]}"
00000000000000000053_0,BS144,78.95492,13.811188,"{""type"":""MultiPoint"",""coordinates"":[]}"
00000000000000000054_0,BS146,95.25351,13.2730665,"{""type"":""MultiPoint"",""coordinates"":[]}"
00000000000000000055_0,BS147,97.327705,12.808267,"{""type"":""MultiPoint"",""coordinates"":[]}"
00000000000000000056_0,BS148,117.25117,14.424383,"{""type"":""MultiPoint"",""coordinates"":[]}"
00000000000000000057_0,BS149,117.25117,14.424383,"{""type"":""MultiPoint"",""coordinates"":[]}"
00000000000000000058_0,BS150,119.97186,14.504717,"{""type"":""MultiPoint"",""coordinates"":[]}"
00000000000000000059_0,BS151,105.523415,13.241275,"{""type"":""MultiPoint"",""coordinates"":[]}"
0000000000000000005a_0,BS152,73.85959,13.758813,"{""type"":""MultiPoint"",""coordinates"":[]}"
0000000000000000005b_0,BS156,101.6447,14.826988,"{""type"":""MultiPoint"",""coordinates"":[]}"
0000000000000000005c_0,BS157,100.19054,14.444129,"{""type"":""MultiPoint"",""coordinates"":[]}"
0000000000000000005d_0,BS158,100.37054,14.464529,"{""type"":""MultiPoint"",""coordinates"":[]}"
0000000000000000005e_0,BS159,96.06696,14.375525,"{""type"":""MultiPoint"",""coordinates"":[]}"
0000000000000000005f_0,BS160,93.772545,14.484563,"{""type"":""MultiPoint"",""coordinates"":[]}"
00000000000000000060_0,BS161,118.59184,14.316575,"{""type"":""MultiPoint"",""coordinates"":[]}"
00000000000000000061_0,BS162,122.79099,13.986062,"{""type"":""MultiPoint"",""coordinates"":[]}"
00000000000000000062_0,BS163,122.79099,13.986062,"{""type"":""MultiPoint"",""coordinates"":[]}"
00000000000000000063_0,BS165,95.53761,14.444313,"{""type"":""MultiPoint"",""coordinates"":[]}"
00000000000000000064_0,BS166,94.67375,14.144525,"{""type"":""MultiPoint"",""coordinates"":[]}"
00000000000000000065_0,BS167,95.53761,14.444313,"{""type"":""MultiPoint"",""coordinates"":[]}"
00000000000000000066_0,BS168,96.17284,14.389204,"{""type"":""MultiPoint"",""coordinates"":[]}"
00000000000000000067_0,BS172,117.18538,14.111809,"{""type"":""MultiPoint"",""coordinates"":[]}"
00000000000000000068_0,BS175,99.09671,14.876358,"{""type"":""MultiPoint"",""coordinates"":[]}"
00000000000000000069_0,BS176,101.71246,14.797058,"{""type"":""MultiPoint"",""coordinates"":[]}"
0000000000000000006a_0,BS177,101.71246,14.797058,"{""type"":""MultiPoint"",""coordinates"":[]}"
0000000000000000006b_0,BS186,76.557655,14.341787,"{""type"":""MultiPoint"",""coordinates"":[]}"
0000000000000000006c_0,BS187,85.205635,14.463746,"{""type"":""MultiPoint"",""coordinates"":[]}"
0000000000000000006d_0,BS188,76.557655,14.341787,"{""type"":""MultiPoint"",""coordinates"":[]}"
0000000000000000006e_0,BS190,79.04279,14.348967,"{""type"":""MultiPoint"",""coordinates"":[]}"
0000000000000000006f_0,BS193,91.003586,14.071967,"{""type"":""MultiPoint"",""coordinates"":[]}"
00000000000000000070_0,BS194,91.003586,14.071967,"{""type"":""MultiPoint"",""coordinates"":[]}"
00000000000000000071_0,BS195,94.44978,15.346775,"{""type"":""MultiPoint"",""coordinates"":[]}"
00000000000000000072_0,BS196,99.41249,15.273146,"{""type"":""MultiPoint"",""coordinates"":[]}"
00000000000000000073_0,BS201,99.92821,14.91565,"{""type"":""MultiPoint"",""coordinates"":[]}"
00000000000000000074_0,BS202,99.28667,15.153088,"{""type"":""MultiPoint"",""coordinates"":[]}"
00000000000000000075_0,BS203,105.33897,15.260479,"{""type"":""MultiPoint"",""coordinates"":[]}"
00000000000000000076_0,BS204,102.32621,15.1025715,"{""type"":""MultiPoint"",""coordinates"":[]}"
00000000000000000077_0,BS205,85.28175,14.021566,"{""type"":""MultiPoint"",""coordinates"":[]}"
00000000000000000078_0,BS207,82.53269,14.070846,"{""type"":""MultiPoint"",""coordinates"":[]}"
00000000000000000079_0,BS210,59.64791,14.261071,"{""type"":""MultiPoint"",""coordinates"":[]}"
0000000000000000007a_0,BS217,93.80332,14.123146,"{""type"":""MultiPoint"",""coordinates"":[]}"
0000000000000000007b_0,BS218,86.66116,14.199887,"{""type"":""MultiPoint"",""coordinates"":[]}"
0000000000000000007c_0,BS219,93.80332,14.123146,"{""type"":""MultiPoint"",""coordinates"":[]}"
0000000000000000007d_0,BS220,96.9897,13.865896,"{""type"":""MultiPoint"",""coordinates"":[]}"
0000000000000000007e_0,BS221,97.76913,14.396696,"{""type"":""MultiPoint"",""coordinates"":[]}"
0000000000000000007f_0,BS222,100.205666,14.131938,"{""type"":""MultiPoint"",""coordinates"":[]}"
00000000000000000080_0,BS223,100.205666,14.131938,"{""type"":""MultiPoint"",""coordinates"":[]}"
00000000000000000081_0,BS224,100.0957,14.459342,"{""type"":""MultiPoint"",""coordinates"":[]}"
00000000000000000082_0,BS226,100.02426,14.564713,"{""type"":""MultiPoint"",""coordinates"":[]}"
00000000000000000083_0,BS228,100.92105,14.65305,"{""type"":""MultiPoint"",""coordinates"":[]}"
00000000000000000084_0,BS229,104.067635,15.370692,"{""type"":""MultiPoint"",""coordinates"":[]}"
00000000000000000085_0,BS230,102.75962,14.701846,"{""type"":""MultiPoint"",""coordinates"":[]}"
00000000000000000086_0,BS232,100.81017,15.472992,"{""type"":""MultiPoint"",""coordinates"":[]}"
00000000000000000087_0,BS233,105.032,14.754483,"{""type"":""MultiPoint"",""coordinates"":[]}"
00000000000000000088_0,BS234,100.81017,15.472992,"{""type"":""MultiPoint"",""coordinates"":[]}"
00000000000000000089_0,BS236,95.65446,14.119838,"{""type"":""MultiPoint"",""coordinates"":[]}"
0000000000000000008a_0,BS239,86.66116,14.199887,"{""type"":""MultiPoint"",""coordinates"":[]}"
0000000000000000008b_0,BS240,101.86208,14.762408,"{""type"":""MultiPoint"",""coordinates"":[]}"
0000000000000000008c_0,BS241,101.86208,14.762408,"{""type"":""MultiPoint"",""coordinates"":[]}"
0000000000000000008d_0,BS242,99.04804,14.7431755,"{""type"":""MultiPoint"",""coordinates"":[]}"
0000000000000000008e_0,BS243,98.948875,14.732484,"{""type"":""MultiPoint"",""coordinates"":[]}"
0000000000000000008f_0,BS244,98.948875,14.732484,"{""type"":""MultiPoint"",""coordinates"":[]}"
00000000000000000090_0,BS245,97.02191,14.654783,"{""type"":""MultiPoint"",""coordinates"":[]}"
00000000000000000091_0,BS246,99.0868,14.506958,"{""type"":""MultiPoint"",""coordinates"":[]}"
00000000000000000092_0,BS247,101.8772,14.62888,"{""type"":""MultiPoint"",""coordinates"":[]}"
00000000000000000093_0,BS248,106.24762,14.312079,"{""type"":""MultiPoint"",""coordinates"":[]}"
00000000000000000094_0,BS249,121.36854,14.813221,"{""type"":""MultiPoint"",""coordinates"":[]}"
00000000000000000095_0,BS251,105.49335,14.754087,"{""type"":""MultiPoint"",""coordinates"":[]}"
00000000000000000096_0,BS253,100.94988,14.315621,"{""type"":""MultiPoint"",""coordinates"":[]}"
00000000000000000097_0,BS254,107.86542,14.2641,"{""type"":""MultiPoint"",""coordinates"":[]}"
00000000000000000098_0,BS257,125.994255,13.908738,"{""type"":""MultiPoint"",""coordinates"":[]}"
00000000000000000099_0,BS259,91.42096,14.235683,"{""type"":""MultiPoint"",""coordinates"":[]}"
0000000000000000009a_0,BS260,78.11421,14.196612,"{""type"":""MultiPoint"",""coordinates"":[]}"
0000000000000000009b_0,BS262,101.5375,14.743967,"{""type"":""MultiPoint"",""coordinates"":[]}"
0000000000000000009c_0,BS265,69.160286,14.686738,"{""type"":""MultiPoint"",""coordinates"":[]}"
0000000000000000009d_0,BS267,61.335304,14.5119295,"{""type"":""MultiPoint"",""coordinates"":[]}"
0000000000000000009e_0,BS271,107.86542,14.2641,"{""type"":""MultiPoint"",""coordinates"":[]}"
0000000000000000009f_0,BS272,96.40871,15.444029,"{""type"":""MultiPoint"",""coordinates"":[]}"
000000000000000000a0_0,BS273,121.95106,14.078863,"{""type"":""MultiPoint"",""coordinates"":[]}"
000000000000000000a1_0,BS274,126.82722,13.848617,"{""type"":""MultiPoint"",""coordinates"":[]}"
000000000000000000a2_0,BS276,94.906166,14.106696,"{""type"":""MultiPoint"",""coordinates"":[]}"
000000000000000000a3_0,BS277,89.29383,13.805892,"{""type"":""MultiPoint"",""coordinates"":[]}"
000000000000000000a4_0,BS278,83.61012,14.719117,"{""type"":""MultiPoint"",""coordinates"":[]}"
000000000000000000a5_0,BS279,82.58264,14.078051,"{""type"":""MultiPoint"",""coordinates"":[]}"
000000000000000000a6_0,BS281,81.860916,14.103004,"{""type"":""MultiPoint"",""coordinates"":[]}"
000000000000000000a7_0,BS282,88.701256,15.655338,"{""type"":""MultiPoint"",""coordinates"":[]}"
000000000000000000a8_0,BS283,94.906166,14.106696,"{""type"":""MultiPoint"",""coordinates"":[]}"
000000000000000000a9_0,BS287,123.613,14.126029,"{""type"":""MultiPoint"",""coordinates"":[]}"
000000000000000000aa_0,BS292,61.625286,13.565042,"{""type"":""MultiPoint"",""coordinates"":[]}"
000000000000000000ab_0,BS293,65.365326,13.566125,"{""type"":""MultiPoint"",""coordinates"":[]}"
000000000000000000ac_0,BS294,110.4393,13.2276125,"{""type"":""MultiPoint"",""coordinates"":[]}"
000000000000000000ad_0,BS295,70.35317,14.16398,"{""type"":""MultiPoint"",""coordinates"":[]}"
000000000000000000ae_0,BS296,90.59309,15.604684,"{""type"":""MultiPoint"",""coordinates"":[]}"
000000000000000000af_0,BS297,97.35486,15.458333,"{""type"":""MultiPoint"",""coordinates"":[]}"
000000000000000000b0_0,BS299,83.8605,14.585417,"{""type"":""MultiPoint"",""coordinates"":[]}"
000000000000000000b1_0,BS301,87.033134,15.67783,"{""type"":""MultiPoint"",""coordinates"":[]}"
000000000000000000b2_0,BS303,87.033134,15.67783,"{""type"":""MultiPoint"",""coordinates"":[]}"
000000000000000000b3_0,BS304,95.322044,14.687825,"{""type"":""MultiPoint"",""coordinates"":[]}"
000000000000000000b4_0,BS306,101.551994,14.260642,"{""type"":""MultiPoint"",""coordinates"":[]}"
000000000000000000b5_0,BS309,96.68324,15.446763,"{""type"":""MultiPoint"",""coordinates"":[]}"
000000000000000000b6_0,BS310,80.29587,15.501117,"{""type"":""MultiPoint"",""coordinates"":[]}"
000000000000000000b7_0,BS312,84.333496,15.653262,"{""type"":""MultiPoint"",""coordinates"":[]}"
000000000000000000b8_0,BS313,98.262634,15.436434,"{""type"":""MultiPoint"",""coordinates"":[]}"
000000000000000000b9_0,BS315,95.75725,14.341054,"{""type"":""MultiPoint"",""coordinates"":[]}"
000000000000000000ba_0,BS316,87.811874,15.1397915,"{""type"":""MultiPoint"",""coordinates"":[]}"
000000000000000000bb_0,BS317,87.811874,15.1397915,"{""type"":""MultiPoint"",""coordinates"":[]}"
000000000000000000bc_0,BS320,97.466034,14.338767,"{""type"":""MultiPoint"",""coordinates"":[]}"
000000000000000000bd_0,BS321,95.75725,14.341054,"{""type"":""MultiPoint"",""coordinates"":[]}"
000000000000000000be_0,BS322,93.70038,14.397871,"{""type"":""MultiPoint"",""coordinates"":[]}"
000000000000000000bf_0,BS323,90.08416,14.878067,"{""type"":""MultiPoint"",""coordinates"":[]}"
000000000000000000c0_0,BS324,87.4426,15.0357,"{""type"":""MultiPoint"",""coordinates"":[]}"
000000000000000000c1_0,BS326,87.4426,15.0357,"{""type"":""MultiPoint"",""coordinates"":[]}"
000000000000000000c2_0,BS328,75.86308,15.158487,"{""type"":""MultiPoint"",""coordinates"":[]}"
000000000000000000c3_0,BS330,82.76862,15.478734,"{""type"":""MultiPoint"",""coordinates"":[]}"
000000000000000000c4_0,BS331,88.0065,15.064529,"{""type"":""MultiPoint"",""coordinates"":[]}"
000000000000000000c5_0,BS333,92.26257,14.798275,"{""type"":""MultiPoint"",""coordinates"":[]}"
000000000000000000c6_0,BS334,96.59095,14.686,"{""type"":""MultiPoint"",""coordinates"":[]}"
000000000000000000c7_0,BS335,98.69783,14.575846,"{""type"":""MultiPoint"",""coordinates"":[]}"
000000000000000000c8_0,BS338,95.47117,15.245767,"{""type"":""MultiPoint"",""coordinates"":[]}"
000000000000000000c9_0,BS355,94.67375,14.144525,"{""type"":""MultiPoint"",""coordinates"":[]}"
000000000000000000ca_0,BS358,102.034645,14.602463,"{""type"":""MultiPoint"",""coordinates"":[]}"
000000000000000000cb_0,BS359,108.42196,15.397108,"{""type"":""MultiPoint"",""coordinates"":[]}"
000000000000000000cc_0,BS360,122.0922,14.586325,"{""type"":""MultiPoint"",""coordinates"":[]}"
000000000000000000cd_0,BS365,118.911865,15.175663,"{""type"":""MultiPoint"",""coordinates"":[]}"
000000000000000000ce_0,BS372,103.996124,14.6752,"{""type"":""MultiPoint"",""coordinates"":[]}"
000000000000000000cf_0,BS373,103.996124,14.6752,"{""type"":""MultiPoint"",""coordinates"":[]}"
000000000000000000d0_0,BS376,74.41905,14.253183,"{""type"":""MultiPoint"",""coordinates"":[]}"
000000000000000000d1_0,BS378,94.20804,13.972229,"{""type"":""MultiPoint"",""coordinates"":[]}"
000000000000000000d2_0,BS379,105.032,14.754483,"{""type"":""MultiPoint"",""coordinates"":[]}"
000000000000000000d3_0,BS382,80.5845,15.173096,"{""type"":""MultiPoint"",""coordinates"":[]}"
000000000000000000d4_0,BS383,80.5845,15.173096,"{""type"":""MultiPoint"",""coordinates"":[]}"
000000000000000000d5_0,BS384,125.17472,14.4512005,"{""type"":""MultiPoint"",""coordinates"":[]}"
000000000000000000d6_0,BS388,81.36655,14.167784,"{""type"":""MultiPoint"",""coordinates"":[]}"
000000000000000000d7_0,BS389,81.36655,14.167784,"{""type"":""MultiPoint"",""coordinates"":[]}"
000000000000000000d8_0,BS390,94.67375,14.144525,"{""type"":""MultiPoint"",""coordinates"":[]}"
000000000000000000d9_0,BS391,81.36655,14.167784,"{""type"":""MultiPoint"",""coordinates"":[]}"
000000000000000000da_0,BS392,81.89938,15.594671,"{""type"":""MultiPoint"",""coordinates"":[]}"
000000000000000000db_0,BS393,75.90329,14.601026,"{""type"":""MultiPoint"",""coordinates"":[]}"
000000000000000000dc_0,BS394,88.65749,15.207467,"{""type"":""MultiPoint"",""coordinates"":[]}"
000000000000000000dd_0,BS399,93.70038,14.397871,"{""type"":""MultiPoint"",""coordinates"":[]}"
000000000000000000de_0,BS405,99.87258,14.8880205,"{""type"":""MultiPoint"",""coordinates"":[]}"
000000000000000000df_0,BS407,90.783615,15.437567,"{""type"":""MultiPoint"",""coordinates"":[]}"
000000000000000000e0_0,BS408,83.30563,15.1397915,"{""type"":""MultiPoint"",""coordinates"":[]}"
000000000000000000e1_0,BS412,82.85665,14.863054,"{""type"":""MultiPoint"",""coordinates"":[]}"
000000000000000000e2_0,BS413,78.07471,15.475579,"{""type"":""MultiPoint"",""coordinates"":[]}"
000000000000000000e3_0,BS415,83.30563,15.1397915,"{""type"":""MultiPoint"",""coordinates"":[]}"
000000000000000000e4_0,BS416,86.15059,15.66188,"{""type"":""MultiPoint"",""coordinates"":[]}"
000000000000000000e5_0,BS420,99.833595,15.323809,"{""type"":""MultiPoint"",""coordinates"":[]}"
000000000000000000e6_0,BS423,72.36142,14.090046,"{""type"":""MultiPoint"",""coordinates"":[]}"
000000000000000000e7_0,BS425,142.66537,12.744896,"{""type"":""MultiPoint"",""coordinates"":[]}"
000000000000000000e8_0,BS426,72.36142,14.090046,"{""type"":""MultiPoint"",""coordinates"":[]}"
000000000000000000e9_0,BS427,110.95901,13.8734045,"{""type"":""MultiPoint"",""coordinates"":[]}"
000000000000000000ea_0,BS429,68.11655,13.332979,"{""type"":""MultiPoint"",""coordinates"":[]}"
000000000000000000eb_0,BS430,77.85212,13.547308,"{""type"":""MultiPoint"",""coordinates"":[]}"
000000000000000000ec_0,BS431,121.47567,14.840109,"{""type"":""MultiPoint"",""coordinates"":[]}"
000000000000000000ed_0,BS433,102.44937,13.921804,"{""type"":""MultiPoint"",""coordinates"":[]}"
000000000000000000ee_0,BS434,120.943504,14.592771,"{""type"":""MultiPoint"",""coordinates"":[]}"
000000000000000000ef_0,BS436,118.25107,14.380596,"{""type"":""MultiPoint"",""coordinates"":[]}"
000000000000000000f0_0,BS438,94.18551,14.548471,"{""type"":""MultiPoint"",""coordinates"":[]}"
000000000000000000f1_0,BS457,82.69732,14.249954,"{""type"":""MultiPoint"",""coordinates"":[]}"
000000000000000000f2_0,BS458,96.904045,14.647783,"{""type"":""MultiPoint"",""coordinates"":[]}"
000000000000000000f3_0,BS461,123.86438,14.455833,"{""type"":""MultiPoint"",""coordinates"":[]}"
000000000000000000f4_0,BS468,65.365326,13.566125,"{""type"":""MultiPoint"",""coordinates"":[]}"
000000000000000000f5_0,BS469,110.4393,13.2276125,"{""type"":""MultiPoint"",""coordinates"":[]}"
000000000000000000f6_0,BS470,105.523415,13.241275,"{""type"":""MultiPoint"",""coordinates"":[]}"
000000000000000000f7_0,BS474,89.50634,15.101937,"{""type"":""MultiPoint"",""coordinates"":[]}"
000000000000000000f8_0,BS478,100.52458,14.214133,"{""type"":""MultiPoint"",""coordinates"":[]}"
000000000000000000f9_0,BS486,72.398125,15.411037,"{""type"":""MultiPoint"",""coordinates"":[]}"
000000000000000000fa_0,BS494,80.25904,14.927155,"{""type"":""MultiPoint"",""coordinates"":[]}"
000000000000000000fb_0,BS499,92.14362,14.746025,"{""type"":""MultiPoint"",""coordinates"":[]}"
000000000000000000fc_0,BS504,95.47117,15.245767,"{""type"":""MultiPoint"",""coordinates"":[]}"
000000000000000000fd_0,BS513,78.986206,14.299046,"{""type"":""MultiPoint"",""coordinates"":[]}"
000000000000000000fe_0,BS518,112.63141,14.728212,"{""type"":""MultiPoint"",""coordinates"":[]}"
000000000000000000ff_0,BS519,106.20571,13.528021,"{""type"":""MultiPoint"",""coordinates"":[]}"
00000000000000000100_0,BS520,69.85404,14.429754,"{""type"":""MultiPoint"",""coordinates"":[]}"
00000000000000000101_0,BS521,103.32567,15.0671625,"{""type"":""MultiPoint"",""coordinates"":[]}"
00000000000000000102_0,BS600,107.606575,14.704641,"{""type"":""MultiPoint"",""coordinates"":[]}"
00000000000000000103_0,BS601,105.33897,15.260479,"{""type"":""MultiPoint"",""coordinates"":[]}"
00000000000000000104_0,BS603,102.09733,13.65205,"{""type"":""MultiPoint"",""coordinates"":[]}"
00000000000000000105_0,BS604,95.86471,14.23428,"{""type"":""MultiPoint"",""coordinates"":[]}"
00000000000000000106_0,BS605,61.335304,14.5119295,"{""type"":""MultiPoint"",""coordinates"":[]}"
00000000000000000107_0,BS607,119.4095,14.574279,"{""type"":""MultiPoint"",""coordinates"":[]}"
00000000000000000108_0,BS610,89.29383,13.805892,"{""type"":""MultiPoint"",""coordinates"":[]}"
00000000000000000109_0,BS611,92.51846,14.5922,"{""type"":""MultiPoint"",""coordinates"":[]}"
0000000000000000010a_0,BS612,92.51846,14.5922,"{""type"":""MultiPoint"",""coordinates"":[]}"
0000000000000000010b_0,BS613,89.29383,13.805892,"{""type"":""MultiPoint"",""coordinates"":[]}"
0000000000000000010c_0,BS620,89.14845,14.136113,"{""type"":""MultiPoint"",""coordinates"":[]}"
0000000000000000010d_0,BS621,87.49229,14.398671,"{""type"":""MultiPoint"",""coordinates"":[]}"
0000000000000000010e_0,BS622,69.85404,14.429754,"{""type"":""MultiPoint"",""coordinates"":[]}"
0000000000000000010f_0,BS623,80.53245,13.147579,"{""type"":""MultiPoint"",""coordinates"":[]}"
00000000000000000110_0,BS624,73.611084,13.314425,"{""type"":""MultiPoint"",""coordinates"":[]}"
00000000000000000111_0,BS625,78.576775,13.231937,"{""type"":""MultiPoint"",""coordinates"":[]}"
00000000000000000112_0,BS626,72.15171,13.36475,"{""type"":""MultiPoint"",""coordinates"":[]}"
00000000000000000113_0,BS627,96.62404,13.333417,"{""type"":""MultiPoint"",""coordinates"":[]}"
00000000000000000114_0,BS628,85.28175,14.021566,"{""type"":""MultiPoint"",""coordinates"":[]}"
00000000000000000115_0,BS629,98.45384,14.277759,"{""type"":""MultiPoint"",""coordinates"":[]}"
00000000000000000116_0,BS632,95.86205,14.599663,"{""type"":""MultiPoint"",""coordinates"":[]}"
00000000000000000117_0,BS633,95.86205,14.599663,"{""type"":""MultiPoint"",""coordinates"":[]}"
