system:index,NDVI,Plot,albedo,.geo
00000000000000000000_0,0.7540662,BS002,0.056603678,"{""type"":""MultiPoint"",""coordinates"":[]}"
00000000000000000001_0,0.7355541,BS003,0.071295835,"{""type"":""MultiPoint"",""coordinates"":[]}"
00000000000000000002_0,0.81510335,BS004,0.0585418,"{""type"":""MultiPoint"",""coordinates"":[]}"
00000000000000000003_0,0.78608006,BS005,0.06341414,"{""type"":""MultiPoint"",""coordinates"":[]}"
00000000000000000004_0,0.8090995,BS006,0.072978064,"{""type"":""MultiPoint"",""coordinates"":[]}"
00000000000000000005_0,0.70672154,BS007,0.086616814,"{""type"":""MultiPoint"",""coordinates"":[]}"
00000000000000000006_0,0.73580164,BS011,0.09942759,"{""type"":""MultiPoint"",""coordinates"":[]}"
00000000000000000007_0,0.6845784,BS012,0.0781537,"{""type"":""MultiPoint"",""coordinates"":[]}"
00000000000000000008_0,0.7875015,BS015,0.054025657,"{""type"":""MultiPoint"",""coordinates"":[]}"
00000000000000000009_0,0.78903735,BS016,0.055485602,"{""type"":""MultiPoint"",""coordinates"":[]}"
0000000000000000000a_0,0.8029308,BS017,0.06329467,"{""type"":""MultiPoint"",""coordinates"":[]}"
0000000000000000000b_0,0.68637043,BS018,0.06693917,"{""type"":""MultiPoint"",""coordinates"":[]}"
0000000000000000000c_0,0.79002684,BS019,0.0512982,"{""type"":""MultiPoint"",""coordinates"":[]}"
0000000000000000000d_0,0.7481585,BS020,0.07816463,"{""type"":""MultiPoint"",""coordinates"":[]}"
0000000000000000000e_0,0.7981975,BS022,0.06991774,"{""type"":""MultiPoint"",""coordinates"":[]}"
0000000000000000000f_0,0.77704936,BS026,0.074692614,"{""type"":""MultiPoint"",""coordinates"":[]}"
00000000000000000010_0,0.74793816,BS027,0.05344299,"{""type"":""MultiPoint"",""coordinates"":[]}"
00000000000000000011_0,0.70639384,BS032,0.09968831,"{""type"":""MultiPoint"",""coordinates"":[]}"
00000000000000000012_0,0.61228853,BS034,0.0753416,"{""type"":""MultiPoint"",""coordinates"":[]}"
00000000000000000013_0,0.7437248,BS035,0.08584127,"{""type"":""MultiPoint"",""coordinates"":[]}"
00000000000000000014_0,0.6806883,BS038,0.059215587,"{""type"":""MultiPoint"",""coordinates"":[]}"
00000000000000000015_0,0.68050414,BS044,0.06739213,"{""type"":""MultiPoint"",""coordinates"":[]}"
00000000000000000016_0,0.6978865,BS045,0.06880917,"{""type"":""MultiPoint"",""coordinates"":[]}"
00000000000000000017_0,0.71743786,BS046,0.051270742,"{""type"":""MultiPoint"",""coordinates"":[]}"
00000000000000000018_0,0.63648343,BS047,0.09296796,"{""type"":""MultiPoint"",""coordinates"":[]}"
00000000000000000019_0,0.76314116,BS048,0.066564135,"{""type"":""MultiPoint"",""coordinates"":[]}"
0000000000000000001a_0,0.7016964,BS050,0.06472545,"{""type"":""MultiPoint"",""coordinates"":[]}"
0000000000000000001b_0,0.71538305,BS052,0.058551118,"{""type"":""MultiPoint"",""coordinates"":[]}"
0000000000000000001c_0,0.72006476,BS053,0.051815607,"{""type"":""MultiPoint"",""coordinates"":[]}"
0000000000000000001d_0,0.6439491,BS054,0.071166575,"{""type"":""MultiPoint"",""coordinates"":[]}"
0000000000000000001e_0,0.59924215,BS057,0.082844295,"{""type"":""MultiPoint"",""coordinates"":[]}"
0000000000000000001f_0,0.6575881,BS058,0.069178335,"{""type"":""MultiPoint"",""coordinates"":[]}"
00000000000000000020_0,0.6390396,BS059,0.075789765,"{""type"":""MultiPoint"",""coordinates"":[]}"
00000000000000000021_0,0.63258725,BS060,0.07449172,"{""type"":""MultiPoint"",""coordinates"":[]}"
00000000000000000022_0,0.64838755,BS062,0.083141856,"{""type"":""MultiPoint"",""coordinates"":[]}"
00000000000000000023_0,0.7166733,BS063,0.08145571,"{""type"":""MultiPoint"",""coordinates"":[]}"
00000000000000000024_0,0.62428427,BS066,0.08233978,"{""type"":""MultiPoint"",""coordinates"":[]}"
00000000000000000025_0,0.5548008,BS070,0.08880797,"{""type"":""MultiPoint"",""coordinates"":[]}"
00000000000000000026_0,0.58311576,BS071,0.08366579,"{""type"":""MultiPoint"",""coordinates"":[]}"
00000000000000000027_0,0.60723865,BS072,0.074906744,"{""type"":""MultiPoint"",""coordinates"":[]}"
00000000000000000028_0,0.6224874,BS073,0.06973005,"{""type"":""MultiPoint"",""coordinates"":[]}"
00000000000000000029_0,0.7595126,BS076,0.061194357,"{""type"":""MultiPoint"",""coordinates"":[]}"
0000000000000000002a_0,0.7466019,BS077,0.06742232,"{""type"":""MultiPoint"",""coordinates"":[]}"
0000000000000000002b_0,0.74278456,BS078,0.06303134,"{""type"":""MultiPoint"",""coordinates"":[]}"
0000000000000000002c_0,0.77242315,BS079,0.076027036,"{""type"":""MultiPoint"",""coordinates"":[]}"
0000000000000000002d_0,0.7453341,BS080,0.07453306,"{""type"":""MultiPoint"",""coordinates"":[]}"
0000000000000000002e_0,0.8005489,BS081,0.05852122,"{""type"":""MultiPoint"",""coordinates"":[]}"
0000000000000000002f_0,0.83049566,BS083,0.068659015,"{""type"":""MultiPoint"",""coordinates"":[]}"
00000000000000000030_0,0.81294316,BS084,0.05576814,"{""type"":""MultiPoint"",""coordinates"":[]}"
00000000000000000031_0,0.7609141,BS085,0.06302954,"{""type"":""MultiPoint"",""coordinates"":[]}"
00000000000000000032_0,0.7455443,BS086,0.07052013,"{""type"":""MultiPoint"",""coordinates"":[]}"
00000000000000000033_0,0.8251472,BS087,0.05667624,"{""type"":""MultiPoint"",""coordinates"":[]}"
00000000000000000034_0,0.6857599,BS088,0.08275171,"{""type"":""MultiPoint"",""coordinates"":[]}"
00000000000000000035_0,0.70024335,BS089,0.071276695,"{""type"":""MultiPoint"",""coordinates"":[]}"
00000000000000000036_0,0.6888335,BS090,0.07786696,"{""type"":""MultiPoint"",""coordinates"":[]}"
00000000000000000037_0,0.7454866,BS092,0.05811595,"{""type"":""MultiPoint"",""coordinates"":[]}"
00000000000000000038_0,0.6337022,BS094,0.07833971,"{""type"":""MultiPoint"",""coordinates"":[]}"
00000000000000000039_0,0.7648433,BS098,0.06436715,"{""type"":""MultiPoint"",""coordinates"":[]}"
0000000000000000003a_0,0.764776,BS102,0.05969505,"{""type"":""MultiPoint"",""coordinates"":[]}"
0000000000000000003b_0,0.7676016,BS103,0.06437996,"{""type"":""MultiPoint"",""coordinates"":[]}"
0000000000000000003c_0,0.70867807,BS111,0.0595067,"{""type"":""MultiPoint"",""coordinates"":[]}"
0000000000000000003d_0,0.6471077,BS112,0.061198693,"{""type"":""MultiPoint"",""coordinates"":[]}"
0000000000000000003e_0,0.78796804,BS118,0.06786692,"{""type"":""MultiPoint"",""coordinates"":[]}"
0000000000000000003f_0,0.67669725,BS119,0.06182326,"{""type"":""MultiPoint"",""coordinates"":[]}"
00000000000000000040_0,0.60676575,BS121,0.06806782,"{""type"":""MultiPoint"",""coordinates"":[]}"
00000000000000000041_0,0.7714507,BS122,0.06800836,"{""type"":""MultiPoint"",""coordinates"":[]}"
00000000000000000042_0,0.63226134,BS123,0.06809137,"{""type"":""MultiPoint"",""coordinates"":[]}"
00000000000000000043_0,0.794899,BS124,0.051961053,"{""type"":""MultiPoint"",""coordinates"":[]}"
00000000000000000044_0,0.8183306,BS125,0.049010538,"{""type"":""MultiPoint"",""coordinates"":[]}"
00000000000000000045_0,0.77002144,BS126,0.06645966,"{""type"":""MultiPoint"",""coordinates"":[]}"
00000000000000000046_0,0.8036005,BS128,0.057045143,"{""type"":""MultiPoint"",""coordinates"":[]}"
00000000000000000047_0,0.776984,BS129,0.04872802,"{""type"":""MultiPoint"",""coordinates"":[]}"
00000000000000000048_0,0.7495834,BS130,0.07114133,"{""type"":""MultiPoint"",""coordinates"":[]}"
00000000000000000049_0,0.82202727,BS131,0.04643766,"{""type"":""MultiPoint"",""coordinates"":[]}"
0000000000000000004a_0,0.6515218,BS132,0.09503075,"{""type"":""MultiPoint"",""coordinates"":[]}"
0000000000000000004b_0,0.73404753,BS133,0.08220862,"{""type"":""MultiPoint"",""coordinates"":[]}"
0000000000000000004c_0,0.78143275,BS134,0.055789296,"{""type"":""MultiPoint"",""coordinates"":[]}"
0000000000000000004d_0,0.7523121,BS135,0.06451723,"{""type"":""MultiPoint"",""coordinates"":[]}"
0000000000000000004e_0,0.7897118,BS137,0.066491134,"{""type"":""MultiPoint"",""coordinates"":[]}"
0000000000000000004f_0,0.7826835,BS138,0.058564935,"{""type"":""MultiPoint"",""coordinates"":[]}"
00000000000000000050_0,0.6902101,BS139,0.070370845,"{""type"":""MultiPoint"",""coordinates"":[]}"
00000000000000000051_0,0.80925024,BS140,0.057750262,"{""type"":""MultiPoint"",""coordinates"":[]}"
00000000000000000052_0,0.78424996,BS141,0.058362234,"{""type"":""MultiPoint"",""coordinates"":[]}"
00000000000000000053_0,0.7127456,BS144,0.070740476,"{""type"":""MultiPoint"",""coordinates"":[]}"
00000000000000000054_0,0.6614031,BS146,0.067052305,"{""type"":""MultiPoint"",""coordinates"":[]}"
00000000000000000055_0,0.76913726,BS147,0.0504684,"{""type"":""MultiPoint"",""coordinates"":[]}"
00000000000000000056_0,0.6880825,BS148,0.06405406,"{""type"":""MultiPoint"",""coordinates"":[]}"
00000000000000000057_0,0.5997878,BS149,0.061855253,"{""type"":""MultiPoint"",""coordinates"":[]}"
00000000000000000058_0,0.6192012,BS150,0.076084025,"{""type"":""MultiPoint"",""coordinates"":[]}"
00000000000000000059_0,0.7865078,BS151,0.058100857,"{""type"":""MultiPoint"",""coordinates"":[]}"
0000000000000000005a_0,0.7760436,BS152,0.055354092,"{""type"":""MultiPoint"",""coordinates"":[]}"
0000000000000000005b_0,0.74945426,BS156,0.07834733,"{""type"":""MultiPoint"",""coordinates"":[]}"
0000000000000000005c_0,0.7652528,BS157,0.06410596,"{""type"":""MultiPoint"",""coordinates"":[]}"
0000000000000000005d_0,0.70829266,BS158,0.077900164,"{""type"":""MultiPoint"",""coordinates"":[]}"
0000000000000000005e_0,0.80065036,BS159,0.059776336,"{""type"":""MultiPoint"",""coordinates"":[]}"
0000000000000000005f_0,0.7706344,BS160,0.07479448,"{""type"":""MultiPoint"",""coordinates"":[]}"
00000000000000000060_0,0.60446614,BS161,0.09917995,"{""type"":""MultiPoint"",""coordinates"":[]}"
00000000000000000061_0,0.6672261,BS162,0.07751066,"{""type"":""MultiPoint"",""coordinates"":[]}"
00000000000000000062_0,0.51290387,BS163,0.10336654,"{""type"":""MultiPoint"",""coordinates"":[]}"
00000000000000000063_0,0.80587274,BS165,0.061585076,"{""type"":""MultiPoint"",""coordinates"":[]}"
00000000000000000064_0,0.7901057,BS166,0.0454814,"{""type"":""MultiPoint"",""coordinates"":[]}"
00000000000000000065_0,0.7656251,BS167,0.0545388,"{""type"":""MultiPoint"",""coordinates"":[]}"
00000000000000000066_0,0.77696097,BS168,0.051675983,"{""type"":""MultiPoint"",""coordinates"":[]}"
00000000000000000067_0,0.49841622,BS172,0.111209065,"{""type"":""MultiPoint"",""coordinates"":[]}"
00000000000000000068_0,0.7135054,BS175,0.08518531,"{""type"":""MultiPoint"",""coordinates"":[]}"
00000000000000000069_0,0.7633432,BS176,0.06922909,"{""type"":""MultiPoint"",""coordinates"":[]}"
0000000000000000006a_0,0.75577193,BS177,0.057850014,"{""type"":""MultiPoint"",""coordinates"":[]}"
0000000000000000006b_0,0.7937851,BS186,0.05626738,"{""type"":""MultiPoint"",""coordinates"":[]}"
0000000000000000006c_0,0.75823486,BS187,0.071910046,"{""type"":""MultiPoint"",""coordinates"":[]}"
0000000000000000006d_0,0.7987443,BS188,0.07385617,"{""type"":""MultiPoint"",""coordinates"":[]}"
0000000000000000006e_0,0.75959456,BS190,0.06327346,"{""type"":""MultiPoint"",""coordinates"":[]}"
0000000000000000006f_0,0.8089581,BS193,0.06368422,"{""type"":""MultiPoint"",""coordinates"":[]}"
00000000000000000070_0,0.7806047,BS194,0.05994902,"{""type"":""MultiPoint"",""coordinates"":[]}"
00000000000000000071_0,0.5832131,BS195,0.07877493,"{""type"":""MultiPoint"",""coordinates"":[]}"
00000000000000000072_0,0.55911434,BS196,0.08627857,"{""type"":""MultiPoint"",""coordinates"":[]}"
00000000000000000073_0,0.51615274,BS201,0.100041956,"{""type"":""MultiPoint"",""coordinates"":[]}"
00000000000000000074_0,0.47044826,BS202,0.118934415,"{""type"":""MultiPoint"",""coordinates"":[]}"
00000000000000000075_0,0.7617067,BS203,0.07097574,"{""type"":""MultiPoint"",""coordinates"":[]}"
00000000000000000076_0,0.68780047,BS204,0.07856086,"{""type"":""MultiPoint"",""coordinates"":[]}"
00000000000000000077_0,0.7793521,BS205,0.07153897,"{""type"":""MultiPoint"",""coordinates"":[]}"
00000000000000000078_0,0.7652445,BS207,0.06298085,"{""type"":""MultiPoint"",""coordinates"":[]}"
00000000000000000079_0,0.78465605,BS210,0.0812486,"{""type"":""MultiPoint"",""coordinates"":[]}"
0000000000000000007a_0,0.73593944,BS217,0.061846014,"{""type"":""MultiPoint"",""coordinates"":[]}"
0000000000000000007b_0,0.73540294,BS218,0.070443206,"{""type"":""MultiPoint"",""coordinates"":[]}"
0000000000000000007c_0,0.7856016,BS219,0.06048484,"{""type"":""MultiPoint"",""coordinates"":[]}"
0000000000000000007d_0,0.77012867,BS220,0.0546596,"{""type"":""MultiPoint"",""coordinates"":[]}"
0000000000000000007e_0,0.77930826,BS221,0.06005853,"{""type"":""MultiPoint"",""coordinates"":[]}"
0000000000000000007f_0,0.79454637,BS222,0.049223684,"{""type"":""MultiPoint"",""coordinates"":[]}"
00000000000000000080_0,0.73478997,BS223,0.053783614,"{""type"":""MultiPoint"",""coordinates"":[]}"
00000000000000000081_0,0.7858907,BS224,0.057735104,"{""type"":""MultiPoint"",""coordinates"":[]}"
00000000000000000082_0,0.8067447,BS226,0.054215405,"{""type"":""MultiPoint"",""coordinates"":[]}"
00000000000000000083_0,0.7976891,BS228,0.050352346,"{""type"":""MultiPoint"",""coordinates"":[]}"
00000000000000000084_0,0.72966075,BS229,0.06031733,"{""type"":""MultiPoint"",""coordinates"":[]}"
00000000000000000085_0,0.68886214,BS230,0.08113734,"{""type"":""MultiPoint"",""coordinates"":[]}"
00000000000000000086_0,0.66649324,BS232,0.08238188,"{""type"":""MultiPoint"",""coordinates"":[]}"
00000000000000000087_0,0.6868568,BS233,0.06431831,"{""type"":""MultiPoint"",""coordinates"":[]}"
00000000000000000088_0,0.6874342,BS234,0.0721756,"{""type"":""MultiPoint"",""coordinates"":[]}"
00000000000000000089_0,0.6581289,BS236,0.07409903,"{""type"":""MultiPoint"",""coordinates"":[]}"
0000000000000000008a_0,0.7916381,BS239,0.065899186,"{""type"":""MultiPoint"",""coordinates"":[]}"
0000000000000000008b_0,0.78975904,BS240,0.04279657,"{""type"":""MultiPoint"",""coordinates"":[]}"
0000000000000000008c_0,0.787339,BS241,0.05211375,"{""type"":""MultiPoint"",""coordinates"":[]}"
0000000000000000008d_0,0.8125247,BS242,0.057492305,"{""type"":""MultiPoint"",""coordinates"":[]}"
0000000000000000008e_0,0.79381174,BS243,0.048065595,"{""type"":""MultiPoint"",""coordinates"":[]}"
0000000000000000008f_0,0.7225505,BS244,0.06730038,"{""type"":""MultiPoint"",""coordinates"":[]}"
00000000000000000090_0,0.73227036,BS245,0.054515064,"{""type"":""MultiPoint"",""coordinates"":[]}"
00000000000000000091_0,0.6835631,BS246,0.07646723,"{""type"":""MultiPoint"",""coordinates"":[]}"
00000000000000000092_0,0.6802092,BS247,0.074829616,"{""type"":""MultiPoint"",""coordinates"":[]}"
00000000000000000093_0,0.69908327,BS248,0.0787193,"{""type"":""MultiPoint"",""coordinates"":[]}"
00000000000000000094_0,0.7834853,BS249,0.06410886,"{""type"":""MultiPoint"",""coordinates"":[]}"
00000000000000000095_0,0.739697,BS251,0.07321544,"{""type"":""MultiPoint"",""coordinates"":[]}"
00000000000000000096_0,0.7793243,BS253,0.07949766,"{""type"":""MultiPoint"",""coordinates"":[]}"
00000000000000000097_0,0.80826247,BS254,0.070029676,"{""type"":""MultiPoint"",""coordinates"":[]}"
00000000000000000098_0,0.71116775,BS257,0.06657076,"{""type"":""MultiPoint"",""coordinates"":[]}"
00000000000000000099_0,0.61265224,BS259,0.09050012,"{""type"":""MultiPoint"",""coordinates"":[]}"
0000000000000000009a_0,0.81126165,BS260,0.058696,"{""type"":""MultiPoint"",""coordinates"":[]}"
0000000000000000009b_0,0.7449095,BS262,0.07213544,"{""type"":""MultiPoint"",""coordinates"":[]}"
0000000000000000009c_0,0.78737855,BS265,0.070930384,"{""type"":""MultiPoint"",""coordinates"":[]}"
0000000000000000009d_0,0.7976099,BS267,0.05887826,"{""type"":""MultiPoint"",""coordinates"":[]}"
0000000000000000009e_0,0.6549046,BS271,0.08908214,"{""type"":""MultiPoint"",""coordinates"":[]}"
0000000000000000009f_0,0.7825598,BS272,0.07261411,"{""type"":""MultiPoint"",""coordinates"":[]}"
000000000000000000a0_0,0.76919484,BS273,0.08616282,"{""type"":""MultiPoint"",""coordinates"":[]}"
000000000000000000a1_0,0.49754193,BS274,0.10659376,"{""type"":""MultiPoint"",""coordinates"":[]}"
000000000000000000a2_0,0.8034191,BS276,0.054026093,"{""type"":""MultiPoint"",""coordinates"":[]}"
000000000000000000a3_0,0.71588224,BS277,0.06613056,"{""type"":""MultiPoint"",""coordinates"":[]}"
000000000000000000a4_0,0.51322967,BS278,0.104248844,"{""type"":""MultiPoint"",""coordinates"":[]}"
000000000000000000a5_0,0.6922041,BS279,0.056287758,"{""type"":""MultiPoint"",""coordinates"":[]}"
000000000000000000a6_0,0.7060256,BS281,0.08372884,"{""type"":""MultiPoint"",""coordinates"":[]}"
000000000000000000a7_0,0.4965933,BS282,0.08308107,"{""type"":""MultiPoint"",""coordinates"":[]}"
000000000000000000a8_0,0.79728806,BS283,0.070170164,"{""type"":""MultiPoint"",""coordinates"":[]}"
000000000000000000a9_0,0.6247573,BS287,0.06125595,"{""type"":""MultiPoint"",""coordinates"":[]}"
000000000000000000aa_0,0.69594353,BS292,0.060862526,"{""type"":""MultiPoint"",""coordinates"":[]}"
000000000000000000ab_0,0.804774,BS293,0.059254218,"{""type"":""MultiPoint"",""coordinates"":[]}"
000000000000000000ac_0,0.77948356,BS294,0.056027208,"{""type"":""MultiPoint"",""coordinates"":[]}"
000000000000000000ad_0,0.74152017,BS295,0.06645892,"{""type"":""MultiPoint"",""coordinates"":[]}"
000000000000000000ae_0,0.70792204,BS296,0.06874684,"{""type"":""MultiPoint"",""coordinates"":[]}"
000000000000000000af_0,0.6529175,BS297,0.07327357,"{""type"":""MultiPoint"",""coordinates"":[]}"
000000000000000000b0_0,0.7173932,BS299,0.05386831,"{""type"":""MultiPoint"",""coordinates"":[]}"
000000000000000000b1_0,0.6932987,BS301,0.06527411,"{""type"":""MultiPoint"",""coordinates"":[]}"
000000000000000000b2_0,0.56298494,BS303,0.088638194,"{""type"":""MultiPoint"",""coordinates"":[]}"
000000000000000000b3_0,0.6347558,BS304,0.07402356,"{""type"":""MultiPoint"",""coordinates"":[]}"
000000000000000000b4_0,0.6173929,BS306,0.0833699,"{""type"":""MultiPoint"",""coordinates"":[]}"
000000000000000000b5_0,0.65552914,BS309,0.073005736,"{""type"":""MultiPoint"",""coordinates"":[]}"
000000000000000000b6_0,0.6455343,BS310,0.06974349,"{""type"":""MultiPoint"",""coordinates"":[]}"
000000000000000000b7_0,0.71265554,BS312,0.0938919,"{""type"":""MultiPoint"",""coordinates"":[]}"
000000000000000000b8_0,0.7532616,BS313,0.07947204,"{""type"":""MultiPoint"",""coordinates"":[]}"
000000000000000000b9_0,0.7594663,BS315,0.054829374,"{""type"":""MultiPoint"",""coordinates"":[]}"
000000000000000000ba_0,0.7747136,BS316,0.06385272,"{""type"":""MultiPoint"",""coordinates"":[]}"
000000000000000000bb_0,0.8017722,BS317,0.064813435,"{""type"":""MultiPoint"",""coordinates"":[]}"
000000000000000000bc_0,0.77857625,BS320,0.07061093,"{""type"":""MultiPoint"",""coordinates"":[]}"
000000000000000000bd_0,0.75957763,BS321,0.08753649,"{""type"":""MultiPoint"",""coordinates"":[]}"
000000000000000000be_0,0.7627324,BS322,0.07720744,"{""type"":""MultiPoint"",""coordinates"":[]}"
000000000000000000bf_0,0.6915768,BS323,0.084269315,"{""type"":""MultiPoint"",""coordinates"":[]}"
000000000000000000c0_0,0.68897265,BS324,0.07478571,"{""type"":""MultiPoint"",""coordinates"":[]}"
000000000000000000c1_0,0.7601553,BS326,0.074056804,"{""type"":""MultiPoint"",""coordinates"":[]}"
000000000000000000c2_0,0.69689846,BS328,0.058601804,"{""type"":""MultiPoint"",""coordinates"":[]}"
000000000000000000c3_0,0.6952251,BS330,0.08911796,"{""type"":""MultiPoint"",""coordinates"":[]}"
000000000000000000c4_0,0.79510015,BS331,0.074401475,"{""type"":""MultiPoint"",""coordinates"":[]}"
000000000000000000c5_0,0.83221304,BS333,0.058983512,"{""type"":""MultiPoint"",""coordinates"":[]}"
000000000000000000c6_0,0.7981829,BS334,0.057068493,"{""type"":""MultiPoint"",""coordinates"":[]}"
000000000000000000c7_0,0.80163014,BS335,0.05478386,"{""type"":""MultiPoint"",""coordinates"":[]}"
000000000000000000c8_0,0.71743906,BS338,0.07126464,"{""type"":""MultiPoint"",""coordinates"":[]}"
000000000000000000c9_0,0.7324676,BS355,0.07348272,"{""type"":""MultiPoint"",""coordinates"":[]}"
000000000000000000ca_0,0.7063771,BS358,0.09173556,"{""type"":""MultiPoint"",""coordinates"":[]}"
000000000000000000cb_0,0.7265508,BS359,0.0679044,"{""type"":""MultiPoint"",""coordinates"":[]}"
000000000000000000cc_0,0.7216033,BS360,0.0728823,"{""type"":""MultiPoint"",""coordinates"":[]}"
000000000000000000cd_0,0.6400842,BS365,0.07394392,"{""type"":""MultiPoint"",""coordinates"":[]}"
000000000000000000ce_0,0.6370716,BS372,0.1052262,"{""type"":""MultiPoint"",""coordinates"":[]}"
000000000000000000cf_0,0.6516324,BS373,0.09782278,"{""type"":""MultiPoint"",""coordinates"":[]}"
000000000000000000d0_0,0.71565396,BS376,0.070915245,"{""type"":""MultiPoint"",""coordinates"":[]}"
000000000000000000d1_0,0.75089955,BS378,0.07281179,"{""type"":""MultiPoint"",""coordinates"":[]}"
000000000000000000d2_0,0.4963621,BS379,0.10137284,"{""type"":""MultiPoint"",""coordinates"":[]}"
000000000000000000d3_0,0.54728043,BS382,0.07031261,"{""type"":""MultiPoint"",""coordinates"":[]}"
000000000000000000d4_0,0.63300246,BS383,0.07079905,"{""type"":""MultiPoint"",""coordinates"":[]}"
000000000000000000d5_0,0.5523503,BS384,0.06842176,"{""type"":""MultiPoint"",""coordinates"":[]}"
000000000000000000d6_0,0.73263896,BS388,0.0639646,"{""type"":""MultiPoint"",""coordinates"":[]}"
000000000000000000d7_0,0.71608126,BS389,0.066169865,"{""type"":""MultiPoint"",""coordinates"":[]}"
000000000000000000d8_0,0.7608026,BS390,0.055929985,"{""type"":""MultiPoint"",""coordinates"":[]}"
000000000000000000d9_0,0.6888909,BS391,0.05283723,"{""type"":""MultiPoint"",""coordinates"":[]}"
000000000000000000da_0,0.7137519,BS392,0.051604446,"{""type"":""MultiPoint"",""coordinates"":[]}"
000000000000000000db_0,0.710304,BS393,0.056114864,"{""type"":""MultiPoint"",""coordinates"":[]}"
000000000000000000dc_0,0.72290444,BS394,0.04997681,"{""type"":""MultiPoint"",""coordinates"":[]}"
000000000000000000dd_0,0.636646,BS399,0.08747796,"{""type"":""MultiPoint"",""coordinates"":[]}"
000000000000000000de_0,0.5961328,BS405,0.06929303,"{""type"":""MultiPoint"",""coordinates"":[]}"
000000000000000000df_0,0.6652381,BS407,0.061674017,"{""type"":""MultiPoint"",""coordinates"":[]}"
000000000000000000e0_0,0.7288582,BS408,0.05375869,"{""type"":""MultiPoint"",""coordinates"":[]}"
000000000000000000e1_0,0.8175243,BS412,0.0722201,"{""type"":""MultiPoint"",""coordinates"":[]}"
000000000000000000e2_0,0.6275862,BS413,0.0883569,"{""type"":""MultiPoint"",""coordinates"":[]}"
000000000000000000e3_0,0.5941093,BS415,0.089724675,"{""type"":""MultiPoint"",""coordinates"":[]}"
000000000000000000e4_0,0.6770111,BS416,0.08083046,"{""type"":""MultiPoint"",""coordinates"":[]}"
000000000000000000e5_0,0.69352984,BS420,0.048355024,"{""type"":""MultiPoint"",""coordinates"":[]}"
000000000000000000e6_0,0.7493212,BS423,0.0735353,"{""type"":""MultiPoint"",""coordinates"":[]}"
000000000000000000e7_0,0.5804533,BS425,0.07133273,"{""type"":""MultiPoint"",""coordinates"":[]}"
000000000000000000e8_0,0.72166485,BS426,0.075692125,"{""type"":""MultiPoint"",""coordinates"":[]}"
000000000000000000e9_0,0.75478697,BS427,0.05246839,"{""type"":""MultiPoint"",""coordinates"":[]}"
000000000000000000ea_0,0.7955373,BS429,0.059741855,"{""type"":""MultiPoint"",""coordinates"":[]}"
000000000000000000eb_0,0.70541465,BS430,0.06103209,"{""type"":""MultiPoint"",""coordinates"":[]}"
000000000000000000ec_0,0.71278995,BS431,0.057561148,"{""type"":""MultiPoint"",""coordinates"":[]}"
000000000000000000ed_0,0.7859828,BS433,0.06623904,"{""type"":""MultiPoint"",""coordinates"":[]}"
000000000000000000ee_0,0.70509565,BS434,0.06632466,"{""type"":""MultiPoint"",""coordinates"":[]}"
000000000000000000ef_0,0.57021534,BS436,0.10595549,"{""type"":""MultiPoint"",""coordinates"":[]}"
000000000000000000f0_0,0.77245575,BS438,0.0655329,"{""type"":""MultiPoint"",""coordinates"":[]}"
000000000000000000f1_0,0.7647015,BS457,0.07427885,"{""type"":""MultiPoint"",""coordinates"":[]}"
000000000000000000f2_0,0.56455857,BS458,0.055314038,"{""type"":""MultiPoint"",""coordinates"":[]}"
000000000000000000f3_0,0.7757739,BS461,0.060718413,"{""type"":""MultiPoint"",""coordinates"":[]}"
000000000000000000f4_0,0.6801505,BS468,0.07359976,"{""type"":""MultiPoint"",""coordinates"":[]}"
000000000000000000f5_0,0.796167,BS469,0.055416103,"{""type"":""MultiPoint"",""coordinates"":[]}"
000000000000000000f6_0,0.7185682,BS470,0.05851293,"{""type"":""MultiPoint"",""coordinates"":[]}"
000000000000000000f7_0,0.70239455,BS474,0.05278209,"{""type"":""MultiPoint"",""coordinates"":[]}"
000000000000000000f8_0,0.6247897,BS478,0.056836646,"{""type"":""MultiPoint"",""coordinates"":[]}"
000000000000000000f9_0,0.58695334,BS486,0.09367381,"{""type"":""MultiPoint"",""coordinates"":[]}"
000000000000000000fa_0,0.7758901,BS494,0.061764553,"{""type"":""MultiPoint"",""coordinates"":[]}"
000000000000000000fb_0,0.78257537,BS499,0.06990706,"{""type"":""MultiPoint"",""coordinates"":[]}"
000000000000000000fc_0,0.7884663,BS504,0.08510582,"{""type"":""MultiPoint"",""coordinates"":[]}"
000000000000000000fd_0,0.56243336,BS513,0.07158926,"{""type"":""MultiPoint"",""coordinates"":[]}"
000000000000000000fe_0,0.6396279,BS518,0.06746942,"{""type"":""MultiPoint"",""coordinates"":[]}"
000000000000000000ff_0,0.754091,BS519,0.058461316,"{""type"":""MultiPoint"",""coordinates"":[]}"
00000000000000000100_0,0.7808895,BS520,0.06540113,"{""type"":""MultiPoint"",""coordinates"":[]}"
00000000000000000101_0,0.8099369,BS521,0.06820879,"{""type"":""MultiPoint"",""coordinates"":[]}"
00000000000000000102_0,0.77277756,BS600,0.05680607,"{""type"":""MultiPoint"",""coordinates"":[]}"
00000000000000000103_0,0.76635647,BS601,0.07077669,"{""type"":""MultiPoint"",""coordinates"":[]}"
00000000000000000104_0,0.79199207,BS603,0.056920495,"{""type"":""MultiPoint"",""coordinates"":[]}"
00000000000000000105_0,0.7936309,BS604,0.059255257,"{""type"":""MultiPoint"",""coordinates"":[]}"
00000000000000000106_0,0.7556003,BS605,0.06819734,"{""type"":""MultiPoint"",""coordinates"":[]}"
00000000000000000107_0,0.7674366,BS607,0.07405056,"{""type"":""MultiPoint"",""coordinates"":[]}"
00000000000000000108_0,0.6967423,BS610,0.051605616,"{""type"":""MultiPoint"",""coordinates"":[]}"
00000000000000000109_0,0.7118741,BS611,0.061281305,"{""type"":""MultiPoint"",""coordinates"":[]}"
0000000000000000010a_0,0.66218436,BS612,0.08104507,"{""type"":""MultiPoint"",""coordinates"":[]}"
0000000000000000010b_0,0.71567583,BS613,0.076697,"{""type"":""MultiPoint"",""coordinates"":[]}"
0000000000000000010c_0,0.7972874,BS620,0.08119154,"{""type"":""MultiPoint"",""coordinates"":[]}"
0000000000000000010d_0,0.7375905,BS621,0.064853184,"{""type"":""MultiPoint"",""coordinates"":[]}"
0000000000000000010e_0,0.6657746,BS622,0.08735073,"{""type"":""MultiPoint"",""coordinates"":[]}"
0000000000000000010f_0,0.75463754,BS623,0.06417399,"{""type"":""MultiPoint"",""coordinates"":[]}"
00000000000000000110_0,0.76864254,BS624,0.07093537,"{""type"":""MultiPoint"",""coordinates"":[]}"
00000000000000000111_0,0.7615721,BS625,0.07136686,"{""type"":""MultiPoint"",""coordinates"":[]}"
00000000000000000112_0,0.61897314,BS626,0.08144068,"{""type"":""MultiPoint"",""coordinates"":[]}"
00000000000000000113_0,0.79844886,BS627,0.06726341,"{""type"":""MultiPoint"",""coordinates"":[]}"
00000000000000000114_0,0.8070488,BS628,0.059504252,"{""type"":""MultiPoint"",""coordinates"":[]}"
00000000000000000115_0,0.79938245,BS629,0.0697795,"{""type"":""MultiPoint"",""coordinates"":[]}"
00000000000000000116_0,0.78459823,BS632,0.056789532,"{""type"":""MultiPoint"",""coordinates"":[]}"
00000000000000000117_0,0.73590696,BS633,0.061977055,"{""type"":""MultiPoint"",""coordinates"":[]}"
